{"train_loss_nlg": [4.438110662831201, 2.828655183315277, 2.1840416193008423, 1.8575472368134394, 1.639563524060779, 1.4687675999270544, 1.3451679514514074, 1.2356366051567926, 1.1520340111520555, 1.0625867644945781, 0.9899246278736327, 0.9271023372809092, 0.8705627371867498, 0.8106836626927058, 0.7657231522930993, 0.7161278029282888, 0.6734231313069662, 0.6322771890295876, 0.6007107976410124, 0.5635543614625931, 0.5312031846907403, 0.5080393619007535, 0.47422971410883796, 0.4492839177449544, 0.42043725152810413, 0.40711091624365914, 0.3811103279391925, 0.36528124246332383, 0.35067893895838, 0.33413294123278725], "valid_loss_nlg": [3.2529550194740295, 2.420043110847473, 2.06296905875206, 1.8534744083881378, 1.7053818702697754, 1.608378142118454, 1.552684724330902, 1.4866426289081573, 1.445121854543686, 1.4136428833007812, 1.3929701447486877, 1.3722349405288696, 1.3593986928462982, 1.3689323663711548, 1.3642099499702454, 1.3641211688518524, 1.3641054332256317, 1.3873502612113953, 1.3879352807998657, 1.3831961452960968, 1.4064171314239502, 1.4172315299510956, 1.4332410395145416, 1.4519153535366058, 1.4364937543869019, 1.4967412650585175, 1.4843787848949432, 1.5226891040802002, 1.524895042181015, 1.569659024477005]}