{"train_loss_nlu": [0.6807184704231992, 0.11055084967220838, 0.09227137244233517, 0.08212436987875397, 0.07546767096114008, 0.07035492907123506, 0.07009297173738853, 0.06423974256717299, 0.061771118388654296, 0.05830448642840206, 0.0580950482605393, 0.0571605371760911, 0.053829146432325385, 0.05128162111911841, 0.049849346747219005, 0.051020888506572076, 0.04963324916750473, 0.04833164508673465, 0.04830015133657612, 0.04496522848041827], "valid_loss_nlu": [0.5175923885156711, 0.5382085928900374, 0.4626187133706278, 0.5500919496019682, 0.5586317033610411, 0.46682509117656285, 0.5563746297525035, 0.47299624751839375, 0.5857355584286981, 0.5203797680636247, 0.6603347456289662, 0.5761525862746768, 0.6148816792087423, 0.6548413234866328, 0.6836669500917196, 0.6076620285295777, 0.6391961402777169, 0.6838835713764032, 0.5714053372955985, 0.8426532426642047]}