{"train_loss_nlu": [0.6294253501123933, 0.11575498151108848, 0.09443979260814589, 0.08314684593885865, 0.07750936596453371, 0.07342235109907516, 0.06800971336458954, 0.06559575501953939, 0.06409772280547033, 0.06051654411666661, 0.0571496190169209, 0.060053327412409624, 0.054870502728866954, 0.05103695437334772, 0.05087335052755647, 0.05168091448018254, 0.04809682746063974, 0.04797266474656059, 0.05014511130433133, 0.045126468316852866, 0.0439234625174463, 0.04175272426570802, 0.04321407725451384, 0.04246028543854738, 0.04003986829501155, 0.03794033191305526, 0.038926517613526536, 0.04043912515610366, 0.04040026370900199, 0.038211044297754584], "valid_loss_nlu": [0.6315900252477543, 0.6544693491950229, 0.6933384834713227, 0.6829627582148926, 0.7231286583921394, 0.7593893083567554, 0.6703974850274421, 0.8177174054891676, 0.6608542180745989, 0.7746722670020284, 0.8109143080340849, 0.6004494241363293, 0.8786759540640019, 0.751548105800474, 0.742529832833522, 0.818286563899066, 0.8117450936823278, 0.6930382857854301, 0.7447375695447664, 0.8724097770613592, 0.809450253038793, 0.8308069973781302, 0.7463238056044321, 0.864449285675545, 0.8317445119893229, 0.8136383655506212, 0.8880380596462134, 0.8577990217788799, 0.8669902368171795, 0.8572549505813701]}