{"train_loss_nlg": [5.802534520047383, 3.8038502688546783, 3.213859965500322, 2.831132650375366, 2.5159420758775135, 2.2480768138922533, 1.9983123401993688, 1.7752494788864284, 1.559963110581185, 1.3638169800193565, 1.1811716498680485, 1.0080339630830635, 0.8552327804195071, 0.7154438518783421, 0.6004911898409279, 0.5042028895859579, 0.42914996042992304, 0.3733514998723002, 0.32967653986319756, 0.2962295407230414, 0.2754183812338172, 0.24836694065806936, 0.233897114407669, 0.21821646551484042, 0.20604849006365805, 0.1936000448118136, 0.1822285293375404, 0.1752029074337876, 0.1650149542295817, 0.15912474981210764], "valid_loss_nlg": [4.16608464717865, 3.5726444721221924, 3.3767435948053994, 3.303520401318868, 3.268816272417704, 3.2288945515950522, 3.2522684733072915, 3.2858588695526123, 3.3089530070622764, 3.381658673286438, 3.4020228385925293, 3.497451106707255, 3.5374401410420737, 3.6099201440811157, 3.6945684353510537, 3.774545590082804, 3.8252541224161782, 3.9463175535202026, 4.015744129816691, 4.003760933876038, 4.086928168932597, 4.152126431465149, 4.170459349950154, 4.325037876764934, 4.3382309675216675, 4.317596435546875, 4.377395908037822, 4.47232711315155, 4.505112489064534, 4.551403999328613]}