{"train_loss_nlg": [6.641854948467678, 4.3440797262721595, 3.63847914006975, 3.2622811330689325, 2.942631608910031, 2.6884418196148343, 2.502606325679355, 2.3316983580589294, 2.191592216491699, 2.0562815831767187, 1.9167892436186473, 1.82013205687205, 1.7098966042200725, 1.6065849661827087, 1.516873962349362, 1.431346231036716, 1.3534406655364566, 1.2830889622370403, 1.2128715382681952, 1.1371095180511475, 1.059280996521314, 1.0154714749919043, 0.9628903037971921, 0.9103794578048918, 0.8609235882759094, 0.8133519705798891, 0.7685574624273512, 0.7342015206813812, 0.6861813200844659, 0.6440845860375298], "train_loss_nlu": [1.0506928778356976, 0.6398122227854199, 0.5574474450614717, 0.3995725272430314, 0.33438347114457023, 0.2812341811756293, 0.24559111769000688, 0.21480072496665847, 0.19483395003610188, 0.17611477937963274, 0.15585789995061028, 0.14355702408485943, 0.12799141142103407, 0.1201019941104783, 0.10812272731628683, 0.10035220202472475, 0.09352569095790386, 0.0854244368771712, 0.07765794617848264, 0.073122414553331, 0.06513969124191338, 0.0636972129965822, 0.057418023546536766, 0.05546344951209095, 0.050029670612679586, 0.04825731801489989, 0.047115740831941366, 0.043548027622616954, 0.04120967650993003, 0.03657462991153201], "valid_loss_nlg": [3.2527984976768494, 2.5858014822006226, 2.302453637123108, 2.098656952381134, 1.913616418838501, 1.809374064207077, 1.7409320771694183, 1.6515808701515198, 1.5985091924667358, 1.555823802947998, 1.5177156627178192, 1.490854024887085, 1.4658493399620056, 1.4436752498149872, 1.4478838741779327, 1.4325460195541382, 1.422436386346817, 1.4287789463996887, 1.4159695506095886, 1.4318788647651672, 1.4341674447059631, 1.42118701338768, 1.4386933147907257, 1.43659108877182, 1.4432389438152313, 1.4866036772727966, 1.47623872756958, 1.490399807691574, 1.525634527206421, 1.5408316850662231], "valid_loss_nlu": [0.45279543846845627, 0.41999830305576324, 0.3112410381436348, 0.24795230105519295, 0.20159922167658806, 0.17284145951271057, 0.14731912687420845, 0.127834290266037, 0.11418057978153229, 0.1028976570814848, 0.09442520700395107, 0.08382169716060162, 0.08182878233492374, 0.07236283645033836, 0.06670190207660198, 0.06413652375340462, 0.059220886789262295, 0.0553573165088892, 0.055369372479617596, 0.049860820174217224, 0.05113512463867664, 0.048182341270148754, 0.04690121114253998, 0.04732499737292528, 0.045683661475777626, 0.0461949547752738, 0.04354623332619667, 0.04238929320126772, 0.04276920575648546, 0.04315722733736038]}