{"train_loss_nlg": [3.5258400737333444, 2.1449696260382702, 1.9743817483038164, 1.8837586652181793, 1.8218749670996854, 1.7733497536291105, 1.7343140007152384, 1.6991459906644735, 1.667944939665519, 1.641362303296121, 1.6132806115599752, 1.5916399426735643, 1.5665227316070836, 1.5459992686303554, 1.5247689782667304, 1.505560367303054, 1.4871268424581974, 1.4691698217826774, 1.4517906244764938, 1.4362717591520502, 1.4199425177733587, 1.4043163597402601, 1.3887099803037557, 1.3735747801134288, 1.3609572366378229, 1.3473051565396388, 1.3346162617750081, 1.3214927966109162, 1.3086747619518755, 1.2955057193443043], "train_loss_nlu": [1.3530455112094937, 0.22259210842721006, 0.18664116346727389, 0.17208841916366188, 0.16389925707709102, 0.15722182796175357, 0.15350009849730958, 0.14813847812656936, 0.14603949711859046, 0.14118753348712137, 0.1412050575017929, 0.1385402890278938, 0.13803289452494097, 0.13654844225087065, 0.12892899823043846, 0.13112817077379457, 0.12967980095952478, 0.1267956919447267, 0.1232543594025551, 0.12103438350205001, 0.12344558672883228, 0.11973567141678558, 0.11611929513219642, 0.11197726814625474, 0.11770275615631266, 0.11465054582861056, 0.11444811166283932, 0.10956428926947631, 0.10911651213843047, 0.10747419819688725], "valid_loss_nlg": [1.4808533932711627, 1.3453121088646554, 1.2832218215272233, 1.2545289542223956, 1.239863344140955, 1.2281114297944147, 1.2264938290054734, 1.2217198175352972, 1.2169709769455161, 1.2156164050102234, 1.2247418535722268, 1.2265612064181148, 1.2247196323162801, 1.2373252527133838, 1.2418434909872107, 1.2366935417458818, 1.247824424021953, 1.2528989379470412, 1.2553417811522614, 1.2607463856001158, 1.2711268115688015, 1.2804580894676414, 1.2751935817099906, 1.2911619527919873, 1.2914204500816964, 1.296986834422962, 1.3002954560357172, 1.3131157739742383, 1.3223479051847715, 1.325960072311195], "valid_loss_nlu": [0.7398593963400738, 0.7459381977851326, 0.6988447887470594, 0.7149043785961898, 0.6935473352267936, 0.8042413189604476, 0.7924889332136592, 0.8418662939724084, 0.8266960446899002, 0.8216377918583315, 0.8283117021861914, 0.7317426832946571, 0.7942831844494149, 0.8082235294419367, 0.7211030055139516, 0.757912719269862, 0.8053456349550067, 0.8731599088657547, 0.8240550121141447, 0.912339187353044, 0.8277014803040672, 0.7929922048304532, 0.852385317554345, 0.8351050008189034, 0.8435260835732963, 0.7973808364288227, 0.8524733900621131, 0.8690889740513789, 0.9036539418471826, 0.8415161026893435]}