{"train_loss_nlg": [2.3340078175611407, 1.4517722687822707, 1.3390926216873353, 1.2782986116989044, 1.237218300622285, 1.2043020112898575, 1.178479330155625, 1.1549304343284446, 1.135543634826289, 1.1178827001331062, 1.1000737363081936, 1.086743812068255, 1.0711421022661551, 1.0585768141282728, 1.0450700671839497, 1.0327340438735522, 1.0213488132033304, 1.0106501477829954, 0.9998152627408685, 0.9888860548883224, 0.9796697377796231, 0.9695812211935281, 0.9602534723861602, 0.952005527845632, 0.9418984945059548, 0.9343065030669007, 0.9254193815054502, 0.9183457716620077, 0.9098110677261121, 0.9020069766914228], "valid_loss_nlg": [1.477326522002349, 1.3479250605041917, 1.2827429417017344, 1.2425484480084599, 1.2323432838594592, 1.2314081256454055, 1.2210703701586336, 1.2101529707779755, 1.21659031107619, 1.2119446155187246, 1.2099290651244086, 1.2181048312702694, 1.2124757508973818, 1.2112518210668821, 1.2197157531171232, 1.2165787300548039, 1.2329336549784686, 1.2321002773336462, 1.23965705568726, 1.2519952767604106, 1.2500050744494877, 1.254181188506049, 1.26210355758667, 1.2709143548398405, 1.272073143237346, 1.2736216461336292, 1.2687690999056842, 1.2838822248819712, 1.2828067863309704, 1.300467400937467]}