{"train_loss_nlg": [2.332297454433381, 1.4328360213755067, 1.3169811209167432, 1.2550577227972144, 1.2139736981974873, 1.1826854249153018, 1.157115901338643, 1.1354017253953461, 1.115893675242098, 1.0985385022566985, 1.082738922868029, 1.0671872107960214, 1.054082941298948, 1.0410602802766902, 1.02986624977058, 1.0169920680291227, 1.0062037379390394, 0.995289633079756, 0.9864437905224887, 0.97672520143485], "valid_loss_nlg": [1.482373684644699, 1.315268384085761, 1.269519501262241, 1.2270565264754825, 1.2115312351120844, 1.1970696250597637, 1.198130950331688, 1.1908397823572159, 1.1890005237526364, 1.186826028757625, 1.180467928449313, 1.1814257005850475, 1.180729114347034, 1.1831059224075742, 1.1907990872859955, 1.1977190623680751, 1.1932106001509561, 1.202056144674619, 1.210514063636462, 1.1998895439836714]}