{"train_loss_nlg": [8.79802474234868, 5.93755115583105, 4.998443672957929, 4.478658981693601, 4.080692018120034, 3.7382394156409697, 3.4273322716499997, 3.142598758623438, 2.885479998820036, 2.654610626905867, 2.4228613168290516, 2.2034824334301994, 2.0065518015796697, 1.8188079792318992, 1.6242892568551222, 1.4373621095731421, 1.232366014452814, 1.0409707056665884, 0.8520523199757326, 0.697055842112569, 0.5683531000197513, 0.4745073900060746, 0.40307094778829405, 0.35828829100988446, 0.32715058587129836, 0.2963415715590264, 0.27529652546910405, 0.25914579369489427, 0.24237111398895966, 0.23109463464866564], "train_loss_nlu": [2.878679979194715, 0.9608936072553246, 0.6653961030024926, 0.5622922228378, 0.5019531675334116, 0.45746712343206686, 0.4223512214364357, 0.395303244150958, 0.36757112359537664, 0.34216067166004366, 0.31406639212543525, 0.28594068994799865, 0.2572117301734906, 0.22847618842587888, 0.20025269209759908, 0.1722257271843049, 0.14177255028659858, 0.11669407683668785, 0.09129516939515049, 0.07403324106798588, 0.055137665526380816, 0.04322886600801088, 0.035193370908354095, 0.028814995136943834, 0.02470113375016208, 0.022433095647799738, 0.02114682426694238, 0.017322012114799716, 0.01660277442644956, 0.015424482470143188], "valid_loss_nlg": [4.333273887634277, 3.6717732350031533, 3.4910300175348916, 3.389923413594564, 3.3171316385269165, 3.2596435546875, 3.260970632235209, 3.247955242792765, 3.234571655591329, 3.2548600832621255, 3.2723731199900308, 3.284475882848104, 3.3157058556874595, 3.33951735496521, 3.379422187805176, 3.4268383979797363, 3.4936060508092246, 3.551585872968038, 3.647874355316162, 3.7290472984313965, 3.7916005849838257, 3.902100602785746, 3.976620356241862, 4.055013616879781, 4.124740521113078, 4.182387391726176, 4.256633361180623, 4.324655453364055, 4.414756337801616, 4.496325055758159], "valid_loss_nlu": [0.7873298625151316, 0.5182075798511505, 0.40717508395512897, 0.37737786521514255, 0.3723161493738492, 0.36219379554192227, 0.37298671156167984, 0.3638054206967354, 0.35487915327151615, 0.3541620646913846, 0.35539601494868595, 0.34703851242860156, 0.34554802626371384, 0.3460211331645648, 0.3388718167940776, 0.3356329947710037, 0.3269372259577115, 0.3262634500861168, 0.33390870441993076, 0.3428862268726031, 0.33210987349351245, 0.3286958113312721, 0.3500911568601926, 0.33573101460933685, 0.35834233462810516, 0.3427818218866984, 0.34564461062351864, 0.37344783296187717, 0.35699107497930527, 0.3567655608057976]}