{"train_loss_nlu": [1.9341123133029752, 0.6559018336453484, 0.43326509027805143, 0.35256803035736084, 0.3045577010483418, 0.2717090845108032, 0.24348973533482227, 0.21993179214232175, 0.19724427424009564, 0.17581023984742397, 0.1549230748877942, 0.13472460709439898, 0.11558034618213339, 0.09742223898183952, 0.08041947313304086, 0.0626902605940416, 0.04820197238360794, 0.036001713006097134, 0.02598550512446362, 0.01955717678172785, 0.014558625109132054, 0.011095279375615628, 0.008635188855266976, 0.006720699948593251, 0.005993968192307116, 0.005673216135937323, 0.005499105595359669, 0.004153102640858264, 0.003921115384391934, 0.0036237778671049667], "valid_loss_nlu": [0.8421478370825449, 0.5128914962212244, 0.39546456933021545, 0.35611696044603985, 0.3487951060136159, 0.33304165055354434, 0.3210987870891889, 0.325546070933342, 0.3224606787165006, 0.3197093953688939, 0.31186362107594806, 0.31756362567345303, 0.3215193549791972, 0.3170461778839429, 0.308194858332475, 0.31044627477725345, 0.3140371988217036, 0.30980757623910904, 0.31437191367149353, 0.31792569408814114, 0.31560681015253067, 0.3184765502810478, 0.3214178333679835, 0.32404619703690213, 0.33979881554841995, 0.32864910364151, 0.33175476143757504, 0.33756181846062344, 0.33713847895463306, 0.3403712635238965]}