{"train_loss_nlu": [0.7187382049030728, 0.4303838966621293, 0.36288038310077453, 0.2286775451567438, 0.1798419306675593, 0.14406868153148228, 0.12173454360001618, 0.10631423277987374, 0.0899067728055848, 0.08023233277102311, 0.0721809859904978, 0.06271330111970504, 0.053922365316086344, 0.049609058226148285, 0.04186435121422013, 0.03756190329376194, 0.03436976422866186, 0.03175437238274349, 0.027692457764512964, 0.025847599531213444, 0.022262428421527147, 0.021096386377596192, 0.019409132914410696, 0.017988574484156236, 0.01644614682946768, 0.014994771995892128, 0.014731879578903317, 0.014167838005556, 0.012286819026081098, 0.010941105092772178], "valid_loss_nlu": [0.4501761868596077, 0.42913495749235153, 0.2734428197145462, 0.20007426291704178, 0.16331875696778297, 0.13893233612179756, 0.11913068033754826, 0.10649744980037212, 0.09456390328705311, 0.08773263730108738, 0.07654956541955471, 0.07015156745910645, 0.06584139447659254, 0.06318199168890715, 0.05640548933297396, 0.05495305638760328, 0.058457570150494576, 0.05084459017962217, 0.050790295004844666, 0.047593021765351295, 0.04829402919858694, 0.04687358997762203, 0.041489710099995136, 0.04190317168831825, 0.04152058716863394, 0.0403427192941308, 0.04311934020370245, 0.044786982238292694, 0.040634098928421736, 0.042645255103707314]}